name,price
Эмаль МЛ-12 (ГОСТ 9754-76) в Краснодаре,240
Эмаль МЛ-1100 серо-голубая (ТУ 20.30.22-002-83706890-2008) в Краснодаре,240
Краска МА-25 чёрная (ГОСТ 10503-71) в Краснодаре,145
Эмаль ХВ-1120 белая (ТУ 6-10-1227-77) в Краснодаре,210
Эмаль НЦ-25 салатовая (ГОСТ 5406-84) в Краснодаре,210
Эмаль ХВ-113 голубая (ГОСТ 18374-79) в Краснодаре,215
Краска МА-22 салатовая (ГОСТ 10503-71) в Краснодаре,145
Эмаль ХВ-110 коричневая (ГОСТ 18374-79) в Краснодаре,215
Эмаль ПФ-188 красно-коричневая (ГОСТ 24784-81) в Краснодаре,190
Эмаль НЦ-25 серая (ГОСТ 5406-84) в Краснодаре,210
Эмаль НЦ-25 защитная (ГОСТ 5406-84) в Краснодаре,210
Эмаль МЛ-1100 светло-дымчатая (ТУ 20.30.22-002-83706890-2008) в Краснодаре,240
Эмаль АУ-1518Р синяя (ТУ 20.30.22-002-83706890-2008) в Краснодаре,280
Эмаль ХС-436 синяя (ТУ 20.30.22-002-83706890-2008) в Краснодаре,320
Эмаль ЭП-525 синяя (ГОСТ 22438-85) в Краснодаре,235
Эмаль АС-182 защитная (ГОСТ 19024-79) в Краснодаре,220
Эмаль ЭП-51 красная (ГОСТ 9640-85) в Краснодаре,320
Эмаль ХС-759 зелёная (ГОСТ 23494-79) в Краснодаре,260
Эмаль КО-811 зелёная (ГОСТ 23122-78) в Краснодаре,225
Эмаль АС-182 зелёная (ГОСТ 19024-79) в Краснодаре,220
Эмаль ХВ-161 салатная (ТУ 301-10-908-92) в Краснодаре,200
Эмаль ЭП-5287 зелёная (ТУ 6-21-87-97) в Краснодаре,310
Эмаль ХВ-16 бежевая (ТУ 6-10-1301-83) в Краснодаре,200
Эмаль ПФ-188 зелёная (ГОСТ 24784-81) в Краснодаре,190
Эмаль ХВ-161 коричневая (ТУ 301-10-908-92) в Краснодаре,200
Эмаль ХВ-16 светло-серая (ТУ 6-10-1301-83) в Краснодаре,200
Эмаль ХВ-16 защитная (ТУ 6-10-1301-83) в Краснодаре,200
Краска МА-25 зелёная (ГОСТ 10503-71) в Краснодаре,145
Эмаль ХВ-161 защитная (ТУ 301-10-908-92) в Краснодаре,200
Краска МА-22 зелёная (ГОСТ 10503-71) в Краснодаре,145
Эмаль ХВ-16 коричневая (ТУ 6-10-1301-83) в Краснодаре,200
Грунт-эмаль ПФ-100 зелёная (ГОСТ Р 51691-2000) в Краснодаре,210
Краска МА-15 зелёная (ГОСТ 10503-71) в Краснодаре,145
Эмаль ХВ-161 бежевая (ТУ 301-10-908-92) в Краснодаре,200
Эмаль ХВ-113 зелёная (ГОСТ 18374-79) в Краснодаре,215
Эмаль ЭП-1236 зеленая (ГОСТ 23143-83) в Краснодаре,235
Эмаль ХВ-110 зелёная (ГОСТ 18374-79) в Краснодаре,215
Эмаль ХВ-1110 зелёная (ГОСТ 6993-79) в Краснодаре,210
Эмаль ХВ-1100 зелёная (ГОСТ 6993-79) в Краснодаре,210
Эмаль ХС-710 зелёная (ГОСТ 9355-81) в Краснодаре,235
Эмаль ЭП-525 зелёная (ГОСТ 22438-85) в Краснодаре,235
Эмаль ЭП-1294 зелёная (ТУ 6-21-69-92) в Краснодаре,285
Эмаль ХВ-1120 зелёная (ТУ 6-10-1227-77) в Краснодаре,210
Эмаль ЭП-140 серебристая (ГОСТ 24709-81) в Краснодаре,210
Эмаль ЭП-773 зеленая (ГОСТ 23143-83) в Краснодаре,235
Эмаль ЭП-140 зелёная (ГОСТ 24709-81) в Краснодаре,210
Эмаль ЭП-5285 зелёная (ТУ 95-2184-90) в Краснодаре,315
Эмаль КО-8101 зелёная (ТУ 6-10-959-75) в Краснодаре,370
Эмаль ХС-759 красно-коричневая (ГОСТ 23494-79) в Краснодаре,260
Эмаль КО-8101 синяя (ТУ 6-10-959-75) в Краснодаре,370
Эмаль ЭП-1236 красная (ГОСТ 23143-83) в Краснодаре,235
Краска МА-15 чёрная (ГОСТ 10503-71) в Краснодаре,145
Эмаль ЭП-5285 белая (ТУ 95-2184-90) в Краснодаре,315
Грунт-эмаль ПФ-100 чёрная (ГОСТ Р 51691-2000) в Краснодаре,210
Эмаль ХВ-110 белая (ГОСТ 18374-79) в Краснодаре,215
Эмаль КО-8101 салатная (ТУ 6-10-959-75) в Краснодаре,370
Эмаль ЭП-1294 синяя (ТУ 6-21-69-92) в Краснодаре,285
Эмаль НЦ-11 голубая (ГОСТ 9198-83) в Краснодаре,230
Эмаль НЦ-11 серая (ГОСТ 9198-83) в Краснодаре,230
Эмаль КО-8101 голубая (ТУ 6-10-959-75) в Краснодаре,370
Эмаль НЦ-11 фисташковая (ГОСТ 9198-83) в Краснодаре,230
Краска МА-15 жёлтая (ГОСТ 10503-71) в Краснодаре,145
Эмаль АУ-167 голубая (ТУ 2310-005-84928782-2012) в Краснодаре,195
Краска МА-22 красно-коричневая (ГОСТ 10503-71) в Краснодаре,145
Краска МА-25 белая (ГОСТ 10503-71) в Краснодаре,145
Эмаль ЭП-525 жёлтая (ГОСТ 22438-85) в Краснодаре,235
Эмаль КО-8101 красная (ТУ 6-10-959-75) в Краснодаре,370
Эмаль ЭП-525 светло-серая (ГОСТ 22438-85) в Краснодаре,235
Эмаль МЛ-1100 коричневая (ТУ 20.30.22-002-83706890-2008) в Краснодаре,240
Эмаль ПФ-188 светло-серая (ГОСТ 24784-81) в Краснодаре,190
Эмаль ЭП-1294 белая (ТУ 6-21-69-92) в Краснодаре,285
Эмаль КО-811 синяя (ГОСТ 23122-78) в Краснодаре,225
Эмаль НЦ-11 синяя (ГОСТ 9198-83) в Краснодаре,230
Эмаль МЛ-1100 оранжевая (ТУ 20.30.22-002-83706890-2008) в Краснодаре,240
Краска МА-15 салатовая (ГОСТ 10503-71) в Краснодаре,145
Краска МА-25 серая (ГОСТ 10503-71) в Краснодаре,145
Эмаль ПФ-188 белая (ГОСТ 24784-81) в Краснодаре,190
Эмаль ХС-759 чёрная (ГОСТ 23494-79) в Краснодаре,260
Эмаль ЭП-51 жёлтая (ГОСТ 9640-85) в Краснодаре,320
Краска МА-25 голубая (ГОСТ 10503-71) в Краснодаре,145
Эмаль ПФ-188 серая (ГОСТ 24784-81) в Краснодаре,190
Эмаль НЦ-25 жёлтая (ГОСТ 5406-84) в Краснодаре,210
Эмаль ЭП-51 защитная (ГОСТ 9640-85) в Краснодаре,320
Краска МА-22 белая (ГОСТ 10503-71) в Краснодаре,145
Эмаль ХС-759 жёлтая (ГОСТ 23494-79) в Краснодаре,260
Грунт-эмаль ПФ-100 коричневая (ГОСТ Р 51691-2000) в Краснодаре,210
Эмаль ЭП-1236 светло-серая (ГОСТ 23143-83) в Краснодаре,235
Эмаль ЭП-5285 оранжевая (ТУ 95-2184-90) в Краснодаре,315
Эмаль ХС-759 оранжевая (ГОСТ 23494-79) в Краснодаре,260
Эмаль ХС-717 с алюминиевой пудрой (ТУ 6-27-102-99) в Краснодаре,320
Эмаль АС-182 жёлтая (ГОСТ 19024-79) в Краснодаре,220
Эмаль ЭП-51 голубая (ГОСТ 9640-85) в Краснодаре,320
Эмаль ПФ-188 голубая (ГОСТ 24784-81) в Краснодаре,190
Эмаль ПФ-188 оранжевая (ГОСТ 24784-81) в Краснодаре,190
Эмаль ХС-759 голубая (ГОСТ 23494-79) в Краснодаре,260
Краска МА-15 бежевая (ГОСТ 10503-71) в Краснодаре,145
Краска МА-22 синяя (ГОСТ 10503-71) в Краснодаре,145
Эмаль ПФ-266 жёлто-коричневая (ГОСТ Р 51691-2008) в Краснодаре,150
Эмаль НЦ-25 белая (ГОСТ 5406-84) в Краснодаре,210
Эмаль ХВ-110 красно-коричневая (ГОСТ 18374-79) в Краснодаре,215
Эмаль КО-811 чёрная (ГОСТ 23122-78) в Краснодаре,225
Грунт-эмаль ПФ-100 белая (ГОСТ Р 51691-2000) в Краснодаре,210
Эмаль ЭП-1294 серая (ТУ 6-21-69-92) в Краснодаре,285
Краска МА-15 красная (ГОСТ 10503-71) в Краснодаре,145
Эмаль ХВ-110 оранжевая (ГОСТ 18374-79) в Краснодаре,215
Эмаль ХВ-1110 синяя (ГОСТ 6993-79) в Краснодаре,210
Эмаль КО-811 бежевая (ГОСТ 23122-78) в Краснодаре,225
Эмаль МЛ-1100 белая (ТУ 20.30.22-002-83706890-2008) в Краснодаре,240
Краска МА-15 красно-коричневая (ГОСТ 10503-71) в Краснодаре,145
Эмаль ХС-710 красно-коричневая (ГОСТ 9355-81) в Краснодаре,235
Эмаль ЭП-5287 салатная (ТУ 6-21-87-97) в Краснодаре,310
Эмаль ЭП-5287 оранжевая (ТУ 6-21-87-97) в Краснодаре,310
Эмаль ЭП-5285 жёлтая (ТУ 95-2184-90) в Краснодаре,315
Эмаль ПФ-133 защитная (ГОСТ 926-82) в Краснодаре,175
Эмаль АС-182 чёрная (ГОСТ 19024-79) в Краснодаре,220
Эмаль ХС-710 салатная (ГОСТ 9355-81) в Краснодаре,235
Эмаль ХС-710 белая (ГОСТ 9355-81) в Краснодаре,235
Краска МА-25 красная (ГОСТ 10503-71) в Краснодаре,145
Эмаль ПФ-188 красная (ГОСТ 24784-81) в Краснодаре,190
Эмаль ЭП-1236 белая (ГОСТ 23143-83) в Краснодаре,235
Эмаль АУ-167 красная (ТУ 2310-005-84928782-2012) в Краснодаре,195
Эмаль ЭП-1236 красно-коричневая (ГОСТ 23143-83) в Краснодаре,235
Эмаль ЭП-51 салатовая (ГОСТ 9640-85) в Краснодаре,320
Грунт-эмаль ПФ-100 синяя (ГОСТ Р 51691-2000) в Краснодаре,210
Эмаль ХВ-110 красная (ГОСТ 18374-79) в Краснодаре,215
Эмаль ЭП-525 голубая (ГОСТ 22438-85) в Краснодаре,235
Эмаль ХВ-113 синяя (ГОСТ 18374-79) в Краснодаре,215
Эмаль ЭП-1294 жёлтая (ТУ 6-21-69-92) в Краснодаре,285
Грунт-эмаль ПФ-100 салатовая (ГОСТ Р 51691-2000) в Краснодаре,210
Эмаль ЭП-51 коричневая (ГОСТ 9640-85) в Краснодаре,320
Эмаль НЦ-25 красная (ГОСТ 5406-84) в Краснодаре,210
Эмаль МЛ-1100 желтая (ТУ 20.30.22-002-83706890-2008) в Краснодаре,240
Эмаль ХС-759 коричневая (ГОСТ 23494-79) в Краснодаре,260
Эмаль КО-8101 жёлтая (ТУ 6-10-959-75) в Краснодаре,370
Эмаль ЭП-1236 оранжевая (ГОСТ 23143-83) в Краснодаре,235
Эмаль АС-182 коричневая (ГОСТ 19024-79) в Краснодаре,220
Эмаль КО-8101 чёрная (ТУ 6-10-959-75) в Краснодаре,370
Грунт-эмаль ПФ-100 голубая (ГОСТ Р 51691-2000) в Краснодаре,210
Эмаль ХС-436 красная (ТУ 20.30.22-002-83706890-2008) в Краснодаре,320
Краска МА-22 красная (ГОСТ 10503-71) в Краснодаре,145
Эмаль ЭП-525 серая (ГОСТ 22438-85) в Краснодаре,235
Грунт-эмаль ПФ-100 жёлтая (ГОСТ Р 51691-2000) в Краснодаре,210
Эмаль АС-182 синяя (ГОСТ 19024-79) в Краснодаре,220
Эмаль КО-8101 коричневая (ТУ 6-10-959-75) в Краснодаре,370
Эмаль АУ-1518Р белая (ТУ 20.30.22-002-83706890-2008) в Краснодаре,280
Эмаль ХС-710 голубая (ГОСТ 9355-81) в Краснодаре,235
Эмаль ХС-436 голубая (ТУ 20.30.22-002-83706890-2008) в Краснодаре,320
Эмаль ЭП-1294 красная (ТУ 6-21-69-92) в Краснодаре,285
Эмаль МЛ-165 серая (ГОСТ 12034-77) в Краснодаре,305
Грунт-эмаль ПФ-100 серая (ГОСТ Р 51691-2000) в Краснодаре,210
Эмаль ЭП-1236 серая (ГОСТ 23143-83) в Краснодаре,235
Эмаль НЦ-11 защитная (ГОСТ 9198-83) в Краснодаре,230
Эмаль ХС-710 синяя (ГОСТ 9355-81) в Краснодаре,235
Эмаль ЭП-1294 бежевая (ТУ 6-21-69-92) в Краснодаре,285
Эмаль ХС-436 черная (ТУ 20.30.22-002-83706890-2008) в Краснодаре,320
Эмаль МЛ-1100 светло-голубая (ТУ 20.30.22-002-83706890-2008) в Краснодаре,240
Эмаль ХВ-110 бежевая (ГОСТ 18374-79) в Краснодаре,215
Эмаль КО-8101 светло-серая (ТУ 6-10-959-75) в Краснодаре,370
Эмаль ЭП-773 голубая (ГОСТ 23143-83) в Краснодаре,235
Эмаль КО-8101 бежевая (ТУ 6-10-959-75) в Краснодаре,370
Эмаль ХВ-1110 светло-серая (ГОСТ 6993-79) в Краснодаре,210
Эмаль ЭП-525 коричневая (ГОСТ 22438-85) в Краснодаре,235
Эмаль ЭП-51 фисташковая (ГОСТ 9640-85) в Краснодаре,320
Краска МА-15 светло-серая (ГОСТ 10503-71) в Краснодаре,145
Эмаль ГФ-92 ХС серая (ГОСТ 9151-75) в Краснодаре,210
Эмаль ХВ-1100 салатная (ГОСТ 6993-79) в Краснодаре,210
Эмаль ЭП-1294 салатная (ТУ 6-21-69-92) в Краснодаре,285
Эмаль АС-182 салатная (ГОСТ 19024-79) в Краснодаре,220
Эмаль ХВ-1110 белая (ГОСТ 6993-79) в Краснодаре,210
Эмаль КО-8101 оранжевая (ТУ 6-10-959-75) в Краснодаре,370
Эмаль НЦ-25 красно-коричневая (ГОСТ 5406-84) в Краснодаре,210
Эмаль ЭП-5285 серая (ТУ 95-2184-90) в Краснодаре,315
Эмаль ЭП-5285 салатная (ТУ 95-2184-90) в Краснодаре,315
Эмаль ХС-436 серая (ТУ 20.30.22-002-83706890-2008) в Краснодаре,320
Эмаль АУ-1518Р голубая (ТУ 20.30.22-002-83706890-2008) в Краснодаре,280
Эмаль АУ-1518Р защитная (ТУ 20.30.22-002-83706890-2008) в Краснодаре,280
Эмаль ХВ-113 бежевая (ГОСТ 18374-79) в Краснодаре,215
Эмаль ЭП-5287 серая (ТУ 6-21-87-97) в Краснодаре,310
Эмаль ЭП-525 красная (ГОСТ 22438-85) в Краснодаре,235
Эмаль ХВ-1100 оранжевая (ГОСТ 6993-79) в Краснодаре,210
Эмаль МЛ-1100 голубая (ТУ 20.30.22-002-83706890-2008) в Краснодаре,240
Эмаль ПФ-133 чёрная (ГОСТ 926-82) в Краснодаре,175
Эмаль ЭП-1294 оранжевая (ТУ 6-21-69-92) в Краснодаре,285
Эмаль ЭП-5285 светло-серая (ТУ 95-2184-90) в Краснодаре,315
Эмаль ЭП-5285 коричневая (ТУ 95-2184-90) в Краснодаре,315
Эмаль НЦ-25 зелёная (ГОСТ 5406-84) в Краснодаре,210
Эмаль КО-811 красно-коричневая (ГОСТ 23122-78) в Краснодаре,225
Эмаль НЦ-25 чёрная (ГОСТ 5406-84) в Краснодаре,210
Эмаль ЭП-51 красно-коричневая (ГОСТ 9640-85) в Краснодаре,320
Эмаль ЭП-5287 красная (ТУ 6-21-87-97) в Краснодаре,310
Эмаль ПФ-188 синяя (ГОСТ 24784-81) в Краснодаре,190
Эмаль ХС-436 белая (ТУ 20.30.22-002-83706890-2008) в Краснодаре,320
Эмаль НЦ-11 белая (ГОСТ 9198-83) в Краснодаре,230
Эмаль ХС-436 фисташковая (ТУ 20.30.22-002-83706890-2008) в Краснодаре,320
Эмаль ЭП-51 светло-серая (ГОСТ 9640-85) в Краснодаре,320
Эмаль МЛ-1100 красная (ТУ 20.30.22-002-83706890-2008) в Краснодаре,240
Эмаль АУ-1518Р чёрная (ТУ 20.30.22-002-83706890-2008) в Краснодаре,280
Эмаль ХВ-1100 синяя (ГОСТ 6993-79) в Краснодаре,210
Эмаль НЦ-11 светло-серая (ГОСТ 9198-83) в Краснодаре,230
Эмаль АС-182 бежевая (ГОСТ 19024-79) в Краснодаре,220
Краска МА-25 салатовая (ГОСТ 10503-71) в Краснодаре,145
Эмаль ЭП-1294 голубая (ТУ 6-21-69-92) в Краснодаре,285
Краска МА-25 жёлтая (ГОСТ 10503-71) в Краснодаре,145
Эмаль ХВ-1110 защитная (ГОСТ 6993-79) в Краснодаре,210
Эмаль НЦ-25 светло-серая (ГОСТ 5406-84) в Краснодаре,210
Эмаль ХВ-1100 бежевая (ГОСТ 6993-79) в Краснодаре,210
Эмаль ПФ-188 салатовая (ГОСТ 24784-81) в Краснодаре,190
Эмаль ЭП-5287 голубая (ТУ 6-21-87-97) в Краснодаре,310
Грунт-эмаль ПФ-100 защитная (ГОСТ Р 51691-2000) в Краснодаре,210
Эмаль ХВ-1100 жёлтая (ГОСТ 6993-79) в Краснодаре,210
Эмаль ЭП-773 белая (ГОСТ 23143-83) в Краснодаре,235
Эмаль ЭП-1236 черная (ГОСТ 23143-83) в Краснодаре,235
Эмаль ХС-710 жёлтая (ГОСТ 9355-81) в Краснодаре,235
Эмаль ХВ-113 светло-серая (ГОСТ 18374-79) в Краснодаре,215
Эмаль ЭП-773 синяя (ГОСТ 23143-83) в Краснодаре,235
Эмаль ЭП-5285 защитная (ТУ 95-2184-90) в Краснодаре,315
Эмаль НЦ-11 жёлтая (ГОСТ 9198-83) в Краснодаре,230
Эмаль ЭП-5285 красно-коричневая (ТУ 95-2184-90) в Краснодаре,315
Эмаль КО-811 светло-серая (ГОСТ 23122-78) в Краснодаре,225
Эмаль ЭП-773 серая (ГОСТ 23143-83) в Краснодаре,235
Эмаль ХС-436 красно-коричневая (ТУ 20.30.22-002-83706890-2008) в Краснодаре,320
Эмаль ЭП-5285 красная (ТУ 95-2184-90) в Краснодаре,315
Эмаль МЛ-1100 синяя (ТУ 20.30.22-002-83706890-2008) в Краснодаре,240
Эмаль НЦ-11 коричневая (ГОСТ 9198-83) в Краснодаре,230
Эмаль ЭП-773 красная (ГОСТ 23143-83) в Краснодаре,235
Эмаль МЛ-1100 золотисто-желтая (ТУ 20.30.22-002-83706890-2008) в Краснодаре,240
Эмаль ХС-436 бежевая (ТУ 20.30.22-002-83706890-2008) в Краснодаре,320
Эмаль МЛ-1100 песочная (ТУ 20.30.22-002-83706890-2008) в Краснодаре,240
Эмаль АС-5307 желтая (СТП 6-3-121-2001) в Краснодаре,220
Эмаль ХВ-1110 голубая (ГОСТ 6993-79) в Краснодаре,210
Эмаль НЦ-11 салатовая (ГОСТ 9198-83) в Краснодаре,230
Эмаль ЭП-5285 чёрная (ТУ 95-2184-90) в Краснодаре,315
Эмаль ПФ-266 красно-коричневая (ГОСТ Р 51691-2008) в Краснодаре,150
Эмаль ЭП-5285 бежевая (ТУ 95-2184-90) в Краснодаре,315
Краска МА-15 защитная (ГОСТ 10503-71) в Краснодаре,145
Краска МА-25 красно-коричневая (ГОСТ 10503-71) в Краснодаре,145
Эмаль ЭП-1236 синяя (ГОСТ 23143-83) в Краснодаре,235
Эмаль КО-8101 красно-коричневая (ТУ 6-10-959-75) в Краснодаре,370
Эмаль АУ-1518Р коричневая (ТУ 20.30.22-002-83706890-2008) в Краснодаре,280
Краска МА-25 коричневая (ГОСТ 10503-71) в Краснодаре,145
Эмаль ХВ-1110 жёлтая (ГОСТ 6993-79) в Краснодаре,210
Эмаль ХС-710 красная (ГОСТ 9355-81) в Краснодаре,235
Эмаль ПФ-188 жёлтая (ГОСТ 24784-81) в Краснодаре,190
Эмаль ХВ-113 красная (ГОСТ 18374-79) в Краснодаре,215
Эмаль ЭП-525 белая (ГОСТ 22438-85) в Краснодаре,235
Эмаль АУ-167 белая (ТУ 2310-005-84928782-2012) в Краснодаре,195
Эмаль АУ-167 защитная (ТУ 2310-005-84928782-2012) в Краснодаре,195
Эмаль КО-811 защитная (ГОСТ 23122-78) в Краснодаре,225
Эмаль ХС-436 жёлтая (ТУ 20.30.22-002-83706890-2008) в Краснодаре,320
Грунт-эмаль ПФ-100 оранжевая (ГОСТ Р 51691-2000) в Краснодаре,210
Эмаль АС-182 оранжевая (ГОСТ 19024-79) в Краснодаре,220
Краска МА-22 голубая (ГОСТ 10503-71) в Краснодаре,145
Эмаль ЭП-5285 синяя (ТУ 95-2184-90) в Краснодаре,315
Эмаль АС-182 голубая (ГОСТ 19024-79) в Краснодаре,220
Эмаль НЦ-11 красная (ГОСТ 9198-83) в Краснодаре,230
Краска МА-25 защитная (ГОСТ 10503-71) в Краснодаре,145
Эмаль ЭП-1236 голубая (ГОСТ 23143-83) в Краснодаре,235
Эмаль АС-182 красно-коричневая (ГОСТ 19024-79) в Краснодаре,220
Эмаль АУ-1518Р красно-коричневая (ТУ 20.30.22-002-83706890-2008) в Краснодаре,280
Эмаль ЭП-5287 коричневая (ТУ 6-21-87-97) в Краснодаре,310
Эмаль ЭП-51 бежевая (ГОСТ 9640-85) в Краснодаре,320
Эмаль АУ-1518Р зелёная (ТУ 20.30.22-002-83706890-2008) в Краснодаре,280
Эмаль ЭП-773 желтая (ГОСТ 23143-83) в Краснодаре,235
Эмаль ХС-436 светло-серая (ТУ 20.30.22-002-83706890-2008) в Краснодаре,320
Эмаль КО-8101 защитная (ТУ 6-10-959-75) в Краснодаре,370
Эмаль НЦ-11 оранжевая (ГОСТ 9198-83) в Краснодаре,230
Эмаль ХС-436 зелёная (ТУ 20.30.22-002-83706890-2008) в Краснодаре,320
Эмаль ЭП-525 черная (ГОСТ 22438-85) в Краснодаре,235
Краска МА-25 синяя (ГОСТ 10503-71) в Краснодаре,145
Эмаль ЭП-5287 жёлтая (ТУ 6-21-87-97) в Краснодаре,310
Эмаль ЭП-1236 жёлтая (ГОСТ 23143-83) в Краснодаре,235
Эмаль ЭП-5287 синяя (ТУ 6-21-87-97) в Краснодаре,310
Эмаль ПФ-133 зелёная (ГОСТ 926-82) в Краснодаре,175
Эмаль ЭП-140 синяя (ГОСТ 24709-81) в Краснодаре,210
Эмаль ХВ-1110 салатная (ГОСТ 6993-79) в Краснодаре,210
Эмаль НЦ-11 бежевая (ГОСТ 9198-83) в Краснодаре,230
Эмаль ХВ-1100 красно-коричневая (ГОСТ 6993-79) в Краснодаре,210
Краска МА-22 оранжевая (ГОСТ 10503-71) в Краснодаре,145
Эмаль ЭП-140 голубая (ГОСТ 24709-81) в Краснодаре,210
Эмаль АУ-1518Р бежевая (ТУ 20.30.22-002-83706890-2008) в Краснодаре,280
Эмаль ЭП-773 светло-серая (ГОСТ 23143-83) в Краснодаре,235
Эмаль ХВ-1120 красная (ТУ 6-10-1227-77) в Краснодаре,210
Эмаль ХВ-1100 белая (ГОСТ 6993-79) в Краснодаре,210
Эмаль ХС-436 коричневая (ТУ 20.30.22-002-83706890-2008) в Краснодаре,320
Эмаль АС-5307 черная (СТП 6-3-121-2001) в Краснодаре,220
Эмаль КО-811 оранжевая (ГОСТ 23122-78) в Краснодаре,225
Эмаль ХС-759 светло-серая (ГОСТ 23494-79) в Краснодаре,260
Эмаль ПФ-133 оранжевая (ГОСТ 926-82) в Краснодаре,175
Эмаль КО-198 красная (ТУ 6-02-841-74) в Краснодаре,180
Эмаль НЦ-132 защитная (ГОСТ Р 51691-2008) в Краснодаре,215
Эмаль КО-174 оранжевая (ТУ 6-02-576-87) в Краснодаре,180
Эмаль ПФ-133 белая (ГОСТ 926-82) в Краснодаре,175
Краска МА-25 бежевая (ГОСТ 10503-71) в Краснодаре,145
Эмаль ХВ-785 синяя (ГОСТ 7313-75)  в Краснодаре,200
Эмаль НЦ-132 бежевая (ГОСТ Р 51691-2008) в Краснодаре,215
Эмаль МЛ-1110 желтая (ГОСТ 20481-80) в Краснодаре,240
Эмаль КО-174 голубая (ТУ 6-02-576-87) в Краснодаре,180
Эмаль НЦ-132 синяя (ГОСТ Р 51691-2008) в Краснодаре,215
Эмаль ХВ-16 красно-коричневая (ТУ 6-10-1301-83) в Краснодаре,200
Эмаль МЛ-1110 коричневая (ГОСТ 20481-80) в Краснодаре,240
Эмаль МЛ-1110 золотисто-желтая (ГОСТ 20481-80) в Краснодаре,240
Эмаль ХВ-124 черная (ГОСТ 10144-89) в Краснодаре,200
Эмаль МЛ-1110 синяя (ГОСТ 20481-80) в Краснодаре,240
Эмаль НЦ-132 фисташковая (ГОСТ Р 51691-2008) в Краснодаре,215
Эмаль ХВ-161 черная (ТУ 301-10-908-92) в Краснодаре,200
Эмаль КО-174 зеленая (ТУ 6-02-576-87) в Краснодаре,180
Эмаль ХВ-161 красная (ТУ 301-10-908-92) в Краснодаре,200
Эмаль МЛ-1110 песочная (ГОСТ 20481-80) в Краснодаре,240
Эмаль КО-174 синяя (ТУ 6-02-576-87) в Краснодаре,180
Эмаль МЛ-1110 серо-голубая (ГОСТ 20481-80) в Краснодаре,240
Эмаль ХВ-161 голубая (ТУ 301-10-908-92) в Краснодаре,200
Эмаль НЦ-132 салатовая (ГОСТ Р 51691-2008) в Краснодаре,215
Эмаль КО-198 оранжевая (ТУ 6-02-841-74) в Краснодаре,180
Эмаль КО-8101 серебристо-серая (ТУ 6-10-959-75) в Краснодаре,370
Эмаль КО-198 голубая (ТУ 6-02-841-74) в Краснодаре,180
Эмаль ХВ-785 голубая (ГОСТ 7313-75)  в Краснодаре,200
Эмаль КО-174 желтая (ТУ 6-02-576-87) в Краснодаре,180
Эмаль ПФ-133 серая (ГОСТ 926-82) в Краснодаре,175
Эмаль МЛ-1110 черная (ГОСТ 20481-80) в Краснодаре,240
Эмаль КО-174 коричневая (ТУ 6-02-576-87) в Краснодаре,180
Эмаль ЭП-140 белая (ГОСТ 24709-81) в Краснодаре,210
Грунт-эмаль ПФ-100 бежевая (ГОСТ Р 51691-2000) в Краснодаре,210
Эмаль НЦ-132 красно-коричневая (ГОСТ Р 51691-2008) в Краснодаре,215
Эмаль МЛ-1110 голубая (ГОСТ 20481-80) в Краснодаре,240
Эмаль АУ-167 оранжевая (ТУ 2310-005-84928782-2012) в Краснодаре,195
Эмаль АУ-167 зелёная (ТУ 2310-005-84928782-2012) в Краснодаре,195
Эмаль МЛ-1110 светло-серая (ГОСТ 20481-80) в Краснодаре,240
Эмаль АС-182 белая (ГОСТ 19024-79) в Краснодаре,220
Эмаль ХВ-785 красно-коричневая (ГОСТ 7313-75)  в Краснодаре,200
Эмаль КО-174 белая (ТУ 6-02-576-87) в Краснодаре,180
Эмаль ХВ-161 красно-коричневая (ТУ 301-10-908-92) в Краснодаре,200
Эмаль МЛ-1110 морская волна (ГОСТ 20481-80) в Краснодаре,240
Эмаль ХВ-161 оранжевая (ТУ 301-10-908-92) в Краснодаре,200
Эмаль НЦ-132 коричневая (ГОСТ Р 51691-2008) в Краснодаре,215
Эмаль ЭП-51 чёрная (ГОСТ 9640-85) в Краснодаре,320
Эмаль ЭП-51 синяя (ГОСТ 9640-85) в Краснодаре,320
Эмаль ПФ-133 красная (ГОСТ 926-82) в Краснодаре,175
Эмаль ХС-759 белая (ГОСТ 23494-79) в Краснодаре,260
Эмаль КО-811 жёлтая (ГОСТ 23122-78) в Краснодаре,225
Эмаль ХС-759 серая (ГОСТ 23494-79) в Краснодаре,260
Эмаль АС-5307 белая (СТП 6-3-121-2001) в Краснодаре,220
Эмаль ХВ-125 серебристо-серая (ГОСТ 10144-89) в Краснодаре,350
Эмаль МЛ-1110 светло-дымчатая (ГОСТ 20481-80) в Краснодаре,240
Эмаль АУ-167 чёрная (ТУ 2310-005-84928782-2012) в Краснодаре,195
Эмаль АУ-167 коричневая (ТУ 2310-005-84928782-2012) в Краснодаре,195
Эмаль НЦ-132 светло-серая (ГОСТ Р 51691-2008) в Краснодаре,215
Эмаль МЛ-1110 светло-голубая (ГОСТ 20481-80) в Краснодаре,240
Эмаль АУ-167 светло-серая (ТУ 2310-005-84928782-2012) в Краснодаре,195
Эмаль КО-811 серая (ГОСТ 23122-78) в Краснодаре,225
Эмаль ПФ-133 бежевая (ГОСТ 926-82) в Краснодаре,175
Эмаль ЭП-51 оранжевая (ГОСТ 9640-85) в Краснодаре,320
Грунт-эмаль ПФ-100 светло-серая (ГОСТ Р 51691-2000) в Краснодаре,210
Эмаль ЭП-51 серая (ГОСТ 9640-85) в Краснодаре,320
Эмаль МЛ-1100 защитная (ТУ 20.30.22-002-83706890-2008) в Краснодаре,240
Краска МА-15 голубая (ГОСТ 10503-71) в Краснодаре,145
Эмаль КО-811 голубая (ГОСТ 23122-78) в Краснодаре,225
Эмаль ХС-436 защитная (ТУ 20.30.22-002-83706890-2008) в Краснодаре,320
Эмаль АУ-167 синяя (ТУ 2310-005-84928782-2012) в Краснодаре,195
Эмаль АУ-167 красно-коричневая (ТУ 2310-005-84928782-2012) в Краснодаре,195
Эмаль ХС-759 синяя (ГОСТ 23494-79) в Краснодаре,260
Эмаль КО-8101 белая (ТУ 6-10-959-75) в Краснодаре,370
Эмаль МЛ-1100 морская волна (ТУ 20.30.22-002-83706890-2008) в Краснодаре,240
Краска МА-15 коричневая (ГОСТ 10503-71) в Краснодаре,145
Краска МА-15 синяя (ГОСТ 10503-71) в Краснодаре,145
Эмаль ПФ-133 синяя (ГОСТ 926-82) в Краснодаре,175
Эмаль ПФ-133 коричневая (ГОСТ 926-82) в Краснодаре,175
Эмаль ХС-759 салатная (ГОСТ 23494-79) в Краснодаре,260
Краска МА-15 серая (ГОСТ 10503-71) в Краснодаре,145
Эмаль ЭП-51 белая (ГОСТ 9640-85) в Краснодаре,320
Эмаль АУ-167 салатовая (ТУ 2310-005-84928782-2012) в Краснодаре,195
Эмаль (Краска) АК-15 в Краснодаре,245
Эмаль ХС-710 серая (ГОСТ 9355-81) в Краснодаре,235
Эмаль КО-811 белая (ГОСТ 23122-78) в Краснодаре,225
Эмаль НЦ-25 синяя (ГОСТ 5406-84) в Краснодаре,210
Эмаль ПФ-133 голубая (ГОСТ 926-82) в Краснодаре,175
Эмаль АУ-167 серая (ТУ 2310-005-84928782-2012) в Краснодаре,195
Эмаль АС-182 серая (ГОСТ 19024-79) в Краснодаре,220
Эмаль ЭП-51 зелёная (ГОСТ 9640-85) в Краснодаре,320
Эмаль ПФ-133 красно-коричневая (ГОСТ 926-82) в Краснодаре,175
Эмаль АС-182 красная (ГОСТ 19024-79) в Краснодаре,220
Эмаль АУ-1518Р фисташковая (ТУ 20.30.22-002-83706890-2008) в Краснодаре,280
Краска МА-25 оранжевая (ГОСТ 10503-71) в Краснодаре,145
Эмаль ЭП-5287 белая (ТУ 6-21-87-97) в Краснодаре,310
Эмаль ПФ-133 светло-серая (ГОСТ 926-82) в Краснодаре,175
Эмаль КО-811 салатная (ГОСТ 23122-78) в Краснодаре,225
Краска МА-25 светло-серая (ГОСТ 10503-71) в Краснодаре,145
Эмаль ХС-759 красная (ГОСТ 23494-79) в Краснодаре,260
Эмаль АС-5307 красная (СТП 6-3-121-2001) в Краснодаре,220
Эмаль ЭП-5285 голубая (ТУ 95-2184-90) в Краснодаре,315
Эмаль ПФ-133 салатовая (ГОСТ 926-82) в Краснодаре,175
Грунт-эмаль ПФ-100 красная (ГОСТ Р 51691-2000) в Краснодаре,210
Эмаль ПФ-133 жёлтая (ГОСТ 926-82) в Краснодаре,175
Грунт-эмаль ПФ-100 красно-коричневая (ГОСТ Р 51691-2000) в Краснодаре,210
Краска МА-15 оранжевая (ГОСТ 10503-71) в Краснодаре,145
Эмаль КО-8101 серая (ТУ 6-10-959-75) в Краснодаре,370
Эмаль АУ-167 жёлтая (ТУ 2310-005-84928782-2012) в Краснодаре,195
Эмаль ПФ-188 защитная (ГОСТ 24784-81) в Краснодаре,190
Краска МА-22 серая (ГОСТ 10503-71) в Краснодаре,145
Эмаль ХВ-113 белая (ГОСТ 18374-79) в Краснодаре,215
Эмаль АУ-167 бежевая (ТУ 2310-005-84928782-2012) в Краснодаре,195
Эмаль ЭП-1236 защитная (ГОСТ 23143-83) в Краснодаре,235
Эмаль МЛ-1100 зеленая (ТУ 20.30.22-002-83706890-2008) в Краснодаре,240
Эмаль НЦ-11 чёрная (ГОСТ 9198-83) в Краснодаре,230
Эмаль ЭП-5287 красно-коричневая (ТУ 6-21-87-97) в Краснодаре,310
Эмаль МЛ-1100 черная (ТУ 20.30.22-002-83706890-2008) в Краснодаре,240
Эмаль ГФ-92 ХС красно-коричневая (ГОСТ 9151-75) в Краснодаре,210
Краска МА-22 чёрная (ГОСТ 10503-71) в Краснодаре,145
Эмаль АУ-1518Р жёлтая (ТУ 20.30.22-002-83706890-2008) в Краснодаре,280
Эмаль НЦ-25 бежевая (ГОСТ 5406-84) в Краснодаре,210
Эмаль НЦ-25 голубая (ГОСТ 5406-84) в Краснодаре,210
Эмаль ЭП-773 коричневая (ГОСТ 23143-83) в Краснодаре,235
Эмаль АУ-1518Р красная (ТУ 20.30.22-002-83706890-2008) в Краснодаре,280
Эмаль ЭП-1236 салатная (ГОСТ 23143-83) в Краснодаре,235
Эмаль ЭП-1236 коричневая (ГОСТ 23143-83) в Краснодаре,235
Эмаль АС-182 светло-серая (ГОСТ 19024-79) в Краснодаре,220
Эмаль ХС-436 салатовая (ТУ 20.30.22-002-83706890-2008) в Краснодаре,320
Краска МА-22 жёлтая (ГОСТ 10503-71) в Краснодаре,145
Эмаль ЭП-140 желтая (ГОСТ 24709-81) в Краснодаре,210
Эмаль ХС-710 коричневая (ГОСТ 9355-81) в Краснодаре,235
Эмаль ЭП-5287 защитная (ТУ 6-21-87-97) в Краснодаре,310
Эмаль ЭП-1236 бежевая (ГОСТ 23143-83) в Краснодаре,235
Эмаль МЛ-165 серебристая (ГОСТ 12034-77) в Краснодаре,395
Эмаль ХВ-1120 защитная (ТУ 6-10-1227-77) в Краснодаре,210
Эмаль Полиуретановая белая (ТУ 20.30.22-002-83706890-2008) в Краснодаре,470
Эмаль ХС-710 серебристо-серая (ГОСТ 9355-81) в Краснодаре,235
Эмаль ЭП-773 салатная (ГОСТ 23143-83) в Краснодаре,235
Эмаль ЭП-1294 коричневая (ТУ 6-21-69-92) в Краснодаре,285
Эмаль ХВ-113 жёлтая (ГОСТ 18374-79) в Краснодаре,215
Эмаль КО-811 коричневая (ГОСТ 23122-78) в Краснодаре,225
Эмаль Полиуретановая синяя (ТУ 20.30.22-002-83706890-2008) в Краснодаре,470
Эмаль ЭП-525 бежевая (ГОСТ 22438-85) в Краснодаре,235
Эмаль ХВ-110 голубая (ГОСТ 18374-79) в Краснодаре,215
Эмаль ХС-710 светло-серая (ГОСТ 9355-81) в Краснодаре,235
Эмаль ЭП-1294 защитная (ТУ 6-21-69-92) в Краснодаре,285
Эмаль ЭП-525 оранжевая (ГОСТ 22438-85) в Краснодаре,235
Эмаль ЭП-1294 красно-коричневая (ТУ 6-21-69-92) в Краснодаре,285
Эмаль ХВ-113 оранжевая (ГОСТ 18374-79) в Краснодаре,215
Эмаль ХС-710 чёрная (ГОСТ 9355-81) в Краснодаре,235
Эмаль ХС-436 оранжевая (ТУ 20.30.22-002-83706890-2008) в Краснодаре,320
Эмаль ПФ-188 бежевая (ГОСТ 24784-81) в Краснодаре,190
Краска МА-22 светло-серая (ГОСТ 10503-71) в Краснодаре,145
Эмаль ЭП-525 красно-коричневая (ГОСТ 22438-85) в Краснодаре,235
Эмаль ХС-710 защитная (ГОСТ 9355-81) в Краснодаре,235
Эмаль ХВ-1100 голубая (ГОСТ 6993-79) в Краснодаре,210
Эмаль ХВ-1120 серая (ТУ 6-10-1227-77) в Краснодаре,210
Эмаль ЭП-773 черная (ГОСТ 23143-83) в Краснодаре,235
Эмаль НЦ-25 фисташковая (ГОСТ 5406-84) в Краснодаре,210
Эмаль ЭП-773 красно-коричневая (ГОСТ 23143-83) в Краснодаре,235
Эмаль АУ-1518Р оранжевая (ТУ 20.30.22-002-83706890-2008) в Краснодаре,280
Эмаль АУ-1518Р серая (ТУ 20.30.22-002-83706890-2008) в Краснодаре,280
Эмаль ПФ-188 чёрная (ГОСТ 24784-81) в Краснодаре,190
Эмаль ХС-759 защитная (ГОСТ 23494-79) в Краснодаре,260
Эмаль ЭП-5287 бежевая (ТУ 6-21-87-97) в Краснодаре,310
Краска МА-22 защитная (ГОСТ 10503-71) в Краснодаре,145
Эмаль ХС-759 бежевая (ГОСТ 23494-79) в Краснодаре,260
Эмаль Полиуретановая красно-коричневая (ТУ 20.30.22-002-83706890-2008) в Краснодаре,470
Эмаль ХВ-113 коричневая (ГОСТ 18374-79) в Краснодаре,215
Эмаль ЭП-525 защитная (ГОСТ 22438-85) в Краснодаре,235
Эмаль ХВ-1100 серая (ГОСТ 6993-79) в Краснодаре,210
Эмаль ХВ-1120 оранжевая (ТУ 6-10-1227-77) в Краснодаре,210
Эмаль НЦ-11 зелёная (ГОСТ 9198-83) в Краснодаре,230
Эмаль Полиуретановая серая (ТУ 20.30.22-002-83706890-2008) в Краснодаре,470
Эмаль ХВ-110 жёлтая (ГОСТ 18374-79) в Краснодаре,215
Эмаль ХС-710 оранжевая (ГОСТ 9355-81) в Краснодаре,235
Эмаль МЛ-1100 светло-серая (ТУ 20.30.22-002-83706890-2008) в Краснодаре,240
Эмаль ХВ-110 серая (ГОСТ 18374-79) в Краснодаре,215
Эмаль ХВ-110 чёрная (ГОСТ 18374-79) в Краснодаре,215
Эмаль ПФ-266 золотисто-коричневая (ГОСТ Р 51691-2008) в Краснодаре,150
Эмаль ХС-710 бежевая (ГОСТ 9355-81) в Краснодаре,235
Эмаль Полиуретановая оранжевая (ТУ 20.30.22-002-83706890-2008) в Краснодаре,470
Эмаль ЭП-140 светло-серая (ГОСТ 24709-81) в Краснодаре,210
Эмаль АУ-1518Р светло-серая (ТУ 20.30.22-002-83706890-2008) в Краснодаре,280
Эмаль ПФ-188 коричневая (ГОСТ 24784-81) в Краснодаре,190
Эмаль ХВ-1100 коричневая (ГОСТ 6993-79) в Краснодаре,210
Эмаль ЭП-1294 светло-серая (ТУ 6-21-69-92) в Краснодаре,285
Эмаль Полиуретановая коричневая (ТУ 20.30.22-002-83706890-2008) в Краснодаре,470
Эмаль ХВ-1120 голубая (ТУ 6-10-1227-77) в Краснодаре,210
Эмаль Полиуретановая салатовая (ТУ 20.30.22-002-83706890-2008) в Краснодаре,470
Эмаль ЭП-140 серая (ГОСТ 24709-81) в Краснодаре,210
Эмаль ХВ-1110 серая (ГОСТ 6993-79) в Краснодаре,210
Эмаль ЭП-525 салатная (ГОСТ 22438-85) в Краснодаре,235
Эмаль ХВ-1100 красная (ГОСТ 6993-79) в Краснодаре,210
Эмаль НЦ-25 оранжевая (ГОСТ 5406-84) в Краснодаре,210
Эмаль Полиуретановая фисташковая (ТУ 20.30.22-002-83706890-2008) в Краснодаре,470
Эмаль ХВ-1110 чёрная (ГОСТ 6993-79) в Краснодаре,210
Эмаль ХВ-1120 жёлтая (ТУ 6-10-1227-77) в Краснодаре,210
Эмаль Полиуретановая жёлтая (ТУ 20.30.22-002-83706890-2008) в Краснодаре,470
Эмаль Полиуретановая зелёная (ТУ 20.30.22-002-83706890-2008) в Краснодаре,470
Краска МА-22 коричневая (ГОСТ 10503-71) в Краснодаре,145
Эмаль ЭП-140 коричневая (ГОСТ 24709-81) в Краснодаре,210
Эмаль АУ-1518Р салатовая (ТУ 20.30.22-002-83706890-2008) в Краснодаре,280
Эмаль ЭП-5287 светло-серая (ТУ 6-21-87-97) в Краснодаре,310
Эмаль ХВ-110 салатная (ГОСТ 18374-79) в Краснодаре,215
Эмаль ХВ-113 красно-коричневая (ГОСТ 18374-79) в Краснодаре,215
Эмаль Полиуретановая голубая (ТУ 20.30.22-002-83706890-2008) в Краснодаре,470
Эмаль ЭП-140 салатная (ГОСТ 24709-81) в Краснодаре,210
Эмаль НЦ-25 коричневая (ГОСТ 5406-84) в Краснодаре,210
Эмаль НЦ-11 красно-коричневая (ГОСТ 9198-83) в Краснодаре,230
Эмаль ЭП-1294 чёрная (ТУ 6-21-69-92) в Краснодаре,285
Эмаль ХВ-113 серая (ГОСТ 18374-79) в Краснодаре,215
Эмаль ЭП-140 черная (ГОСТ 24709-81) в Краснодаре,210
Эмаль ХВ-1120 синяя (ТУ 6-10-1227-77) в Краснодаре,210
Эмаль Полиуретановая светло-серая (ТУ 20.30.22-002-83706890-2008) в Краснодаре,470
Эмаль ХВ-1120 коричневая (ТУ 6-10-1227-77) в Краснодаре,210
Эмаль ХВ-110 защитная (ГОСТ 18374-79) в Краснодаре,215
Эмаль ХВ-1110 бежевая (ГОСТ 6993-79) в Краснодаре,210
Эмаль ЭП-773 оранжевая (ГОСТ 23143-83) в Краснодаре,235
Эмаль ЭП-140 красная (ГОСТ 24709-81) в Краснодаре,210
Эмаль ХВ-1100 светло-серая (ГОСТ 6993-79) в Краснодаре,210
Эмаль ХВ-1110 красная (ГОСТ 6993-79) в Краснодаре,210
Эмаль ХВ-110 светло-серая (ГОСТ 18374-79) в Краснодаре,215
Эмаль ХВ-1100 защитная (ГОСТ 6993-79) в Краснодаре,210
Эмаль ЭП-140 защитная (ГОСТ 24709-81) в Краснодаре,210
Эмаль ХВ-1110 оранжевая (ГОСТ 6993-79) в Краснодаре,210
Эмаль ЭП-140 бежевая (ГОСТ 24709-81) в Краснодаре,210
Краска МА-22 бежевая (ГОСТ 10503-71) в Краснодаре,145
Эмаль ЭП-140 оранжевая (ГОСТ 24709-81) в Краснодаре,210
Эмаль ХВ-1120 бежевая (ТУ 6-10-1227-77) в Краснодаре,210
Эмаль ХВ-110 синяя (ГОСТ 18374-79) в Краснодаре,215
Эмаль Полиуретановая чёрная (ТУ 20.30.22-002-83706890-2008) в Краснодаре,470
Эмаль Полиуретановая защитная (ТУ 20.30.22-002-83706890-2008) в Краснодаре,470
Эмаль ЭП-140 красно-коричневая (ГОСТ 24709-81) в Краснодаре,210
Эмаль ХВ-1120 красно-коричневая (ТУ 6-10-1227-77) в Краснодаре,210
Эмаль Полиуретановая красная (ТУ 20.30.22-002-83706890-2008) в Краснодаре,470
Эмаль ХВ-1120 светло-серая (ТУ 6-10-1227-77) в Краснодаре,210
Эмаль ХВ-113 салатовая (ГОСТ 18374-79) в Краснодаре,215
Эмаль ХВ-113 чёрная (ГОСТ 18374-79) в Краснодаре,215
Эмаль ХВ-1100 чёрная (ГОСТ 6993-79) в Краснодаре,210
Эмаль ХВ-1120 чёрная (ТУ 6-10-1227-77) в Краснодаре,210
Эмаль ХВ-124 бежевая (ГОСТ 10144-89) в Краснодаре,200
Эмаль ХВ-16 салатовая (ТУ 6-10-1301-83) в Краснодаре,200
Эмаль КО-198 бежевая (ТУ 6-02-841-74) в Краснодаре,180
Эмаль КО-198 красно-коричневая (ТУ 6-02-841-74) в Краснодаре,180
Эмаль КО-198 салатовая (ТУ 6-02-841-74) в Краснодаре,180
Эмаль КО-198 светло-серая (ТУ 6-02-841-74) в Краснодаре,180
Эмаль Полиуретановая бежевая (ТУ 20.30.22-002-83706890-2008) в Краснодаре,470
Эмаль ХВ-1120 салатовая (ТУ 6-10-1227-77) в Краснодаре,210
Эмаль КО-198 белая (ТУ 6-02-841-74) в Краснодаре,180
Эмаль КО-811 красная (ГОСТ 23122-78) в Краснодаре,225
Эмаль ЭП-773 бежевая (ГОСТ 23143-83) в Краснодаре,235
Эмаль ХВ-113 защитная (ГОСТ 18374-79) в Краснодаре,215
Эмаль ХВ-1110 коричневая (ГОСТ 6993-79) в Краснодаре,210
Эмаль ХВ-1110 красно-коричневая (ГОСТ 6993-79) в Краснодаре,210
Эмаль ЭП-773 защитная (ГОСТ 23143-83) в Краснодаре,235
Эмаль НЦ-132 красная (ГОСТ Р 51691-2008) в Краснодаре,215
Эмаль ХВ-16 синяя (ТУ 6-10-1301-83) в Краснодаре,200
Эмаль НЦ-132 желтая (ГОСТ Р 51691-2008) в Краснодаре,215
Эмаль АК-511 красная (ГОСТ Р 52575-2006) в Краснодаре,170
Эмаль АК-511 оранжевая (ГОСТ Р 52575-2006) в Краснодаре,170
Эмаль МЛ-12 оранжевая (ГОСТ 9754-76) в Краснодаре,240
Эмаль МЛ-12 золотисто-желтая (ГОСТ 9754-76) в Краснодаре,240
Эмаль НЦ-1125 (ГОСТ 7930-73) в Краснодаре,225
Эмаль ЭП-255 бежевая (ГОСТ 23599-79) в Краснодаре,235
Эмаль ЭП-255 салатовая (ГОСТ 23599-79) в Краснодаре,235
Эмаль ЭП-275 чёрная (ГОСТ 23599-79) в Краснодаре,285
Эмаль ЭП-5116 красная (ГОСТ 25366-82) в Краснодаре,210
Эмаль ХВ-714 фисташковая (ГОСТ 23626-79) в Краснодаре,220
Эмаль ЭП-5116 фисташковая (ГОСТ 25366-82) в Краснодаре,210
Эмаль ЭП-255 синяя (ГОСТ 23599-79) в Краснодаре,235
"Эмаль полиуретановая УР-1012 (17,5+2,5) (ТУ 20.30.22-002-83706890-2008) в Краснодаре",415
Эмаль ЭП-439 серая (двухкомпонентная) в Краснодаре,320
Эмаль (Краска) АК-501 в Краснодаре,180
Эмаль алкидно-уретановая в Краснодаре,175
Эмаль ХВ-114 (ТУ 6-10-747-79) в Краснодаре,210
Эмаль ХВ-785 ТУ в Краснодаре,145
Эмаль ЭП-733 1К (ГОСТ 23143-83) в Краснодаре,265
Эмаль КО-198 (ТУ 6-02-841-74) в Краснодаре,180
Эмаль ХС-720 серебристая (ТУ 6-10-708-74) в Краснодаре,240
Эмаль акриловая в Краснодаре,185
Эмаль АУ-1356 (ТУ 20.30.22-002-83706890-2008) в Краснодаре,330
Эмаль ЭП-567 (ГОСТ 22369-77) в Краснодаре,330
Эмаль ХС-119 в Краснодаре,265
Эмаль АС-5305 в Краснодаре,340
Эмаль КО-168 (ТУ 6-02-900-74) в Краснодаре,180
Эмаль АК-1379 в Краснодаре,260
Эмаль ХВ-161 (ТУ 301-10-908-92) в Краснодаре,200
Эмаль ЭП-1267 (ТУ 6-10-2095-87) в Краснодаре,310
Эмаль ХВ-124 ТУ в Краснодаре,145
Эмаль люминисцентная/флюоресцентная в Краснодаре,
Эмаль МЛ-1120 в Краснодаре,265
Эмаль КО-83 серебристая (ГОСТ 23123-78) в Краснодаре,290
Эмаль ХС-416 в Краснодаре,265
Эмаль ХС-527 (ТУ 6-10-1669-78) в Краснодаре,250
Эмаль АУ-1524 в Краснодаре,400
Эмаль МЛ-1150 в Краснодаре,185
Эмаль МЛ-152 в Краснодаре,265
Эмаль ХС-5146 (двухкомпонентная) в Краснодаре,245
Эмаль АУ-1529 серая в Краснодаре,295
Эмаль КО-859 серебристо-серая (ГОСТ 22564-77) в Краснодаре,370
Эмаль КО-834 серебристая в Краснодаре,290
Эмаль ЭП-56 (ТУ 6-10-1243-77) в Краснодаре,290
Эмаль ХВ-16 ТУ в Краснодаре,145
Эмаль УР-11 (ТУ 20.30.22-002-83706890-2008) в Краснодаре,355
Эмаль ЭП-5308 ТУ 6-27-230-2001 в Краснодаре,300
Эмаль ХВ-125 серебристая (ГОСТ 10144-89) в Краснодаре,350
Эмаль НЦ-132 матовая (ТУ) в Краснодаре,175
Краска-эмаль ЭП-5327 (для дорожной разметки) в Краснодаре,270
Эмаль МС-17 чёрная (ТУ 6-10-1012-97) в Краснодаре,300
Эмаль (Краска) АК-124 (ГОСТ Р 51691-2008) в Краснодаре,220
Эмаль ПФ-1189 серебристая (ТУ 6-10-1710-86) в Краснодаре,260
Эмаль ХС-75У (ТУ 6-10-2136-88) в Краснодаре,135
Эмаль ХВ-519 защитная (ТУ 6-10-838-75) в Краснодаре,215
Эмаль ЭП-46 в Краснодаре,320
Эмаль ХВ-7141 (двухкомпонентная) в Краснодаре,330
Эмаль ХВ-125 серебристая (ТУ) в Краснодаре,235
Краска-эмаль ЭП-5155 (для дорожной разметки) в Краснодаре,315
Эмаль ХС-76У в Краснодаре,230
Краска для бетонных полов глянцевая (ТУ 2313-022-98310821-09) в Краснодаре,480
Эмаль ЭП-255 фисташковая (ГОСТ 23599-79) в Краснодаре,235
Эмаль ЭП-567 белая (ГОСТ 22369-77) в Краснодаре,330
Эмаль ХВ-714 чёрная (ГОСТ 23626-79) в Краснодаре,220
Эмаль ЭП-1155 чёрная (ТУ 6-10-1504-75) в Краснодаре,285
Эмаль ЭП-969 салатная (ТУ 6-10-1985-84) в Краснодаре,345
Эмаль ХВ-714 защитная (ГОСТ 23626-79) в Краснодаре,220
Эмаль ЭП-255 желтая (ГОСТ 23599-79) в Краснодаре,235
Эмаль ЭП-275 зелёная (ГОСТ 23599-79) в Краснодаре,285
Эмаль ЭП-255 красно-коричневая (ГОСТ 23599-79) в Краснодаре,235
Эмаль ЭП-275 синяя (ГОСТ 23599-79) в Краснодаре,285
Эмаль ЭП-275 коричневая (ГОСТ 23599-79) в Краснодаре,285
Эмаль ЭП-1155 салатовая (ТУ 6-10-1504-75) в Краснодаре,285
Краска фасадная зимняя до -15°С (ГОСТ 28196-89) в Краснодаре,200
Эмаль ЭП-275 жёлтая (ГОСТ 23599-79) в Краснодаре,285
Эмаль ЭП-255 серая (ГОСТ 23599-79) в Краснодаре,235
Эмаль ЭП-275 оранжевая (ГОСТ 23599-79) в Краснодаре,285
Эмаль ЭП-5116 красно-коричневая (ГОСТ 25366-82) в Краснодаре,210
Эмаль ЭП-1155 синяя (ТУ 6-10-1504-75) в Краснодаре,285
Эмаль ХВ-714 серая (ГОСТ 23626-79) в Краснодаре,220
Эмаль ЭП-567 красная (ГОСТ 22369-77) в Краснодаре,330
Эмаль ЭП-5116 светло-серая (ГОСТ 25366-82) в Краснодаре,210
Эмаль ЭП-5116 защитная (ГОСТ 25366-82) в Краснодаре,210
Эмаль ЭП-5116 чёрная (ГОСТ 25366-82) в Краснодаре,210
Эмаль ЭП-5116 зеленая (ГОСТ 25366-82) в Краснодаре,210
Эмаль ЭП-275 красно-коричневая (ГОСТ 23599-79) в Краснодаре,285
Эмаль ЭП-255 защитная (ГОСТ 23599-79) в Краснодаре,235
Эмаль ЭП-5116 синяя (ГОСТ 25366-82) в Краснодаре,210
Эмаль ЭП-255 оранжевая (ГОСТ 23599-79) в Краснодаре,235
Эмаль ХВ-714 красно-коричневая (ГОСТ 23626-79) в Краснодаре,220
Эмаль ЭП-5116 серая (ГОСТ 25366-82) в Краснодаре,210
Эмаль ЭП-1155 защитная (ТУ 6-10-1504-75) в Краснодаре,285
Эмаль ЭП-275 салатовая (ГОСТ 23599-79) в Краснодаре,285
Эмаль ХВ-714 синяя (ГОСТ 23626-79) в Краснодаре,220
Эмаль ЭП-255 зеленая (ГОСТ 23599-79) в Краснодаре,235
Эмаль ХВ-714 светло-серая (ГОСТ 23626-79) в Краснодаре,220
Эмаль ЭП-275 серая (ГОСТ 23599-79) в Краснодаре,285
Эмаль ХВ-714 коричневая (ГОСТ 23626-79) в Краснодаре,220
Эмаль ЭП-1155 серая (ТУ 6-10-1504-75) в Краснодаре,285
Эмаль ХВ-714 оранжевая (ГОСТ 23626-79) в Краснодаре,220
Эмаль ЭП-1155 коричневая (ТУ 6-10-1504-75) в Краснодаре,285
Эмаль ЭП-255 коричневая (ГОСТ 23599-79) в Краснодаре,235
Эмаль ЭП-1155 белая (ТУ 6-10-1504-75) в Краснодаре,285
Эмаль ХВ-714 салатовая (ГОСТ 23626-79) в Краснодаре,220
Эмаль ЭП-567 защитная (ГОСТ 22369-77) в Краснодаре,330
Эмаль ЭП-5116 оранжевая (ГОСТ 25366-82) в Краснодаре,210
Эмаль ЭП-255 чёрная (ГОСТ 23599-79) в Краснодаре,235
Эмаль ЭП-5116 голубая (ГОСТ 25366-82) в Краснодаре,210
Эмаль ЭП-1155 зелёная (ТУ 6-10-1504-75) в Краснодаре,285
Эмаль АС-5307 (СТП 6-3-121-2001) в Краснодаре,220
Эмаль ЭП-1155 голубая (ТУ 6-10-1504-75) в Краснодаре,285
Эмаль ЭП-1155 оранжевая (ТУ 6-10-1504-75) в Краснодаре,285
Эмаль ЭП-275 белая (ГОСТ 23599-79) в Краснодаре,285
Эмаль ЭП-567 голубая (ГОСТ 22369-77) в Краснодаре,330
Эмаль ЭП-567 серая (ГОСТ 22369-77) в Краснодаре,330
Эмаль ЭП-5116 белая (ГОСТ 25366-82) в Краснодаре,210
Эмаль ЭП-5116 желтая (ГОСТ 25366-82) в Краснодаре,210
Эмаль ЭП-1155 красная (ТУ 6-10-1504-75) в Краснодаре,285
Эмаль ЭП-1155 фисташковая (ТУ 6-10-1504-75) в Краснодаре,285
Эмаль ХВ-714 белая (ГОСТ 23626-79) в Краснодаре,220
Эмаль ЭП-567 фисташковая (ГОСТ 22369-77) в Краснодаре,330
Эмаль ЭП-5116 бежевая (ГОСТ 25366-82) в Краснодаре,210
Эмаль ЭП-275 фисташковая (ГОСТ 23599-79) в Краснодаре,285
Эмаль ЭП-275 светло-серая (ГОСТ 23599-79) в Краснодаре,285
Эмаль ЭП-1155 светло-серая (ТУ 6-10-1504-75) в Краснодаре,285
Эмаль ЭП-1155 красно-коричневая (ТУ 6-10-1504-75) в Краснодаре,285
Эмаль ЭП-275 защитная (ГОСТ 23599-79) в Краснодаре,285
Эмаль ЭП-567 чёрная (ГОСТ 22369-77) в Краснодаре,330
Эмаль ЭП-275 красная (ГОСТ 23599-79) в Краснодаре,285
Эмаль ЭП-567 оранжевая (ГОСТ 22369-77) в Краснодаре,330
Эмаль ХВ-714 жёлтая (ГОСТ 23626-79) в Краснодаре,220
Эмаль ЭП-1155 жёлтая (ТУ 6-10-1504-75) в Краснодаре,285
Эмаль ЭП-5116 салатовая (ГОСТ 25366-82) в Краснодаре,210
Эмаль ЭП-1155 бежевая (ТУ 6-10-1504-75) в Краснодаре,285
Эмаль ХВ-714 голубая (ГОСТ 23626-79) в Краснодаре,220
Эмаль ЭП-275 бежевая (ГОСТ 23599-79) в Краснодаре,285
Эмаль ЭП-567 светло-серая (ГОСТ 22369-77) в Краснодаре,330
Эмаль ХВ-714 зелёная (ГОСТ 23626-79) в Краснодаре,220
Эмаль ЭП-567 бежевая (ГОСТ 22369-77) в Краснодаре,330
Эмаль ЭП-255 светло-серая (ГОСТ 23599-79) в Краснодаре,235
Эмаль ЭП-567 коричневая (ГОСТ 22369-77) в Краснодаре,330
Эмаль ЭП-567 зелёная (ГОСТ 22369-77) в Краснодаре,330
Эмаль ЭП-275 голубая (ГОСТ 23599-79) в Краснодаре,285
Эмаль ЭП-567 синяя (ГОСТ 22369-77) в Краснодаре,330
Эмаль ЭП-567 салатовая (ГОСТ 22369-77) в Краснодаре,330
Эмаль ХВ-714 красная (ГОСТ 23626-79) в Краснодаре,220
Эмаль ЭП-5116 коричневая (ГОСТ 25366-82) в Краснодаре,210
Эмаль ЭП-567 жёлтая (ГОСТ 22369-77) в Краснодаре,330
Эмаль ЭП-255 голубая (ГОСТ 23599-79) в Краснодаре,235
Эмаль ПФ-218 ХС (ГОСТ 21227-93) в Краснодаре,205
Эмаль ГФ-92 ХС (ГОСТ 9151-75) в Краснодаре,210
Эмаль МЛ-12 серая (ГОСТ 9754-76) в Краснодаре,240
Эмаль ЭП-773 1К (ГОСТ 23143-83) в Краснодаре,235
Краска БТ-177 (ГОСТ 5631-79) в Краснодаре,205
Холодный термопластик дорожный в Краснодаре,220
Краска термопластик для дорожной разметки в Краснодаре,290
Отвердитель к эмалям МЛ в Краснодаре,450
Эмаль АК-575 (ТУ 20.30.22-002-83706890-2008) в Краснодаре,380
Стеклошарики в Краснодаре,130
Эмаль ХП-799 (ТУ 6-10-1653-78) в Краснодаре,330
Эмаль ЭП-9111 (ТУ 20.30.22-002-83706890-2008) в Краснодаре,295
ИЗУР-021 в Краснодаре,1200
Эмаль ХВ-714 бежевая (ГОСТ 23626-79) в Краснодаре,220
Эмаль ЭП-255 белая (ГОСТ 23599-79) в Краснодаре,235
Эмаль ЭП-567 красно-коричневая (ГОСТ 22369-77) в Краснодаре,330
Эмаль ХВ-161 синяя (ТУ 301-10-908-92) в Краснодаре,200
Эмаль НЦ-132 серая (ГОСТ Р 51691-2008) в Краснодаре,215
Эмаль ХВ-161 серая (ТУ 301-10-908-92) в Краснодаре,200
Эмаль НЦ-5123 (ГОСТ 7462-73) в Краснодаре,230
Эмаль МЛ-1110 серая (ГОСТ 20481-80) в Краснодаре,240
Эмаль ПФ-115 ЭКОНОМ серая (ГОСТ 6465-76) в Краснодаре,115
Эмаль НЦ-184 (ГОСТ 18335-83) в Краснодаре,235
Эмаль АК-511 белая (ГОСТ Р 52575-2006) в Краснодаре,170
Эмаль МЛ-1110 белая (ГОСТ 20481-80) в Краснодаре,240
Эмаль ПФ-1217 ВЭ (ТУ 20.30.22-002-83706890-2008) в Краснодаре,240
Эмаль ХВ-16 серая (ТУ 6-10-1301-83) в Краснодаре,200
Эмаль ХВ-124 серая (ГОСТ 10144-89) в Краснодаре,200
Эмаль ПФ-167 (ТУ 20.30.22-002-83706890-2008) в Краснодаре,185
Эмаль КО-174 серая (ТУ 6-02-576-87) в Краснодаре,180
Эмаль ХВ-785 серая (ГОСТ 7313-75)  в Краснодаре,200
Эмаль МЛ-1100 серая (ТУ 20.30.22-002-83706890-2008) в Краснодаре,240
Эмаль ПФ-115 ЭКОНОМ желтая (ГОСТ 6465-76) в Краснодаре,115
Эмаль КО-814 серебристо-серая до +400°C (ГОСТ 11066-74) в Краснодаре,300
Эмаль МЛ-12 светло-дымчатая (ГОСТ 9754-76) в Краснодаре,240
Эмаль МЛ-12 синяя (ГОСТ 9754-76) в Краснодаре,240
Эмаль ПФ-1189 серебристая (ТУ 6-10-1710-86) в Краснодаре,260
Эмаль МЛ-12 защитная (ГОСТ 9754-76) в Краснодаре,240
Эмаль МЛ-12 черная (ГОСТ 9754-76) в Краснодаре,240
Эмаль МЛ-12 желтая (ГОСТ 9754-76) в Краснодаре,240
Эмаль ХВ-16 белая (ТУ 6-10-1301-83) в Краснодаре,200
Эмаль МЛ-12 белая (ГОСТ 9754-76) в Краснодаре,240
Эмаль МЛ-12 красная (ГОСТ 9754-76) в Краснодаре,240
Эмаль ХВ-124 белая (ГОСТ 10144-89) в Краснодаре,200
Эмаль ПФ-115 ЭКОНОМ белая (ГОСТ 6465-76) в Краснодаре,125
Эмаль ПФ-115 ЭКОНОМ защитная (ГОСТ 6465-76) в Краснодаре,115
Эмаль ПФ-115 ЭКОНОМ бежевая (ГОСТ 6465-76) в Краснодаре,115
Эмаль АК-511 желтая (ГОСТ Р 52575-2006) в Краснодаре,170
Эмаль ПФ-115 ЭКОНОМ коричневая (ГОСТ 6465-76) в Краснодаре,115
Эмаль ХВ-785 красная (ГОСТ 7313-75)  в Краснодаре,200
Эмаль ХВ-124 зеленая (ГОСТ 10144-89) в Краснодаре,200
Эмаль ХВ-124 красная (ГОСТ 10144-89) в Краснодаре,200
Эмаль ПФ-115 ЭКОНОМ белая матовая (ГОСТ 6465-76) в Краснодаре,125
Эмаль МЛ-12 светло-голубая (ГОСТ 9754-76) в Краснодаре,240
Эмаль МЛ-12 ярко-зеленая (ГОСТ 9754-76) в Краснодаре,240
Эмаль МЛ-12 песочная (ГОСТ 9754-76) в Краснодаре,240
Эмаль МЛ-12 светло-серая (ГОСТ 9754-76) в Краснодаре,240
Эмаль МЛ-12 морская волна (ГОСТ 9754-76) в Краснодаре,240
Эмаль МЛ-12 коричневая (ГОСТ 9754-76) в Краснодаре,240
Эмаль МЛ-12 голубая (ГОСТ 9754-76) в Краснодаре,240
Эмаль НЦ-132 белая (ГОСТ Р 51691-2008) в Краснодаре,215
Эмаль ХВ-124 салатовая (ГОСТ 10144-89) в Краснодаре,200
Эмаль ПФ-115 ЭКОНОМ красная (ГОСТ 6465-76) в Краснодаре,115
Эмаль ХВ-124 голубая (ГОСТ 10144-89) в Краснодаре,200
Эмаль ХВ-16 зеленая (ТУ 6-10-1301-83) в Краснодаре,200
Эмаль ПФ-115 ЭКОНОМ черная (ГОСТ 6465-76) в Краснодаре,115
Эмаль НЦ-132 золотисто-желтая (ГОСТ Р 51691-2008) в Краснодаре,215
Эмаль ХВ-124 светло-серая (ГОСТ 10144-89) в Краснодаре,200
Эмаль МЛ-1110 красная (ГОСТ 20481-80) в Краснодаре,240
Эмаль КО-174 черная (ТУ 6-02-576-87) в Краснодаре,180
Эмаль ХВ-161 желтая (ТУ 301-10-908-92) в Краснодаре,200
Эмаль ПФ-115 ЭКОНОМ светло-серая (ГОСТ 6465-76) в Краснодаре,115
Эмаль МЛ-12 серо-голубая (ГОСТ 9754-76) в Краснодаре,240
Эмаль ХВ-124 синяя (ГОСТ 10144-89) в Краснодаре,200
Эмаль ХВ-124 желтая (ГОСТ 10144-89) в Краснодаре,200
Эмаль КО-198 защитная (ТУ 6-02-841-74) в Краснодаре,180
Эмаль ХВ-16 голубая (ТУ 6-10-1301-83) в Краснодаре,200
Эмаль ХВ-785 светло-серая (ГОСТ 7313-75)  в Краснодаре,200
Эмаль НЦ-132 зеленая (ГОСТ Р 51691-2008) в Краснодаре,215
Эмаль МЛ-1110 защитная (ГОСТ 20481-80) в Краснодаре,240
Эмаль КО-198 синяя (ТУ 6-02-841-74) в Краснодаре,180
Краска БТ-177 серебристая (ГОСТ 5631-79) в Краснодаре,205
Эмаль КО-198 золотисто-желтая (ТУ 6-02-841-74) в Краснодаре,180
Эмаль ХВ-785 белая (ГОСТ 7313-75)  в Краснодаре,200
Эмаль АК-511 черная (ГОСТ Р 52575-2006) в Краснодаре,170
Эмаль ХВ-161 светло-серая (ТУ 301-10-908-92) в Краснодаре,200
Эмаль НЦ-132 голубая (ГОСТ Р 51691-2008) в Краснодаре,215
Эмаль ПФ-115 ЭКОНОМ синяя (ГОСТ 6465-76) в Краснодаре,115
Эмаль ХВ-16 красная (ТУ 6-10-1301-83) в Краснодаре,200
Эмаль ХВ-16 черная (ТУ 6-10-1301-83) в Краснодаре,200
Эмаль ХВ-161 зеленая (ТУ 301-10-908-92) в Краснодаре,200
Эмаль ХВ-785 желтая (ГОСТ 7313-75)  в Краснодаре,200
Эмаль ХВ-785 черная (ГОСТ 7313-75)  в Краснодаре,200
Эмаль ПФ-115 ЭКОНОМ голубая (ГОСТ 6465-76) в Краснодаре,115
Эмаль ХВ-124 защитная (ГОСТ 10144-89) в Краснодаре,200
Эмаль ХВ-16 желтая (ТУ 6-10-1301-83) в Краснодаре,200
Эмаль НЦ-132 оранжевая (ГОСТ Р 51691-2008) в Краснодаре,215
Эмаль КО-198 серая (ТУ 6-02-841-74) в Краснодаре,180
Эмаль ХВ-785 зеленая (ГОСТ 7313-75)  в Краснодаре,200
Эмаль НЦ-132 черная (ГОСТ Р 51691-2008) в Краснодаре,215
Эмаль ХВ-16 оранжевая (ТУ 6-10-1301-83) в Краснодаре,200
Эмаль КО-813 серебристо-серая до +500°С (ГОСТ 11066-74) в Краснодаре,300
Эмаль ХВ-124 коричневая (ГОСТ 10144-89) в Краснодаре,200
Эмаль ПФ-115 ЭКОНОМ оранжевая (ГОСТ 6465-76) в Краснодаре,115
Эмаль ПФ-115 ЭКОНОМ салатовая (ГОСТ 6465-76) в Краснодаре,115
Эмаль ХВ-785 оранжевая (ГОСТ 7313-75)  в Краснодаре,200
Эмаль ХВ-161 белая (ТУ 301-10-908-92) в Краснодаре,200
Эмаль МЛ-1110 зеленая (ГОСТ 20481-80) в Краснодаре,240
Эмаль КО-174 красная (ТУ 6-02-576-87) в Краснодаре,180
Эмаль ПФ-115 ЭКОНОМ зеленая (ГОСТ 6465-76) в Краснодаре,115
Краска МА-15 белая (ГОСТ 10503-71) в Краснодаре,145
Эмаль МЛ-1110 оранжевая (ГОСТ 20481-80) в Краснодаре,240
Эмаль КО-174 защитная (ТУ 6-02-57-87) в Краснодаре,180
Эмаль ХВ-124 красно-коричневая (ГОСТ 10144-89) в Краснодаре,200
Эмаль КО-198 зеленая (ТУ 6-02-841-74) в Краснодаре,180
Эмаль КО-198 коричневая (ТУ 6-02-841-74) в Краснодаре,180
Эмаль КО-198 черная (ТУ 6-02-841-74) в Краснодаре,180
Эмаль ХВ-124 оранжевая (ГОСТ 10144-89) в Краснодаре,200
Эмаль ПФ-115 ЭКОНОМ красно-коричневая (ГОСТ 6465-76) в Краснодаре,115
Эмаль КО-198 желтая (ТУ 6-02-841-74) в Краснодаре,180
Эмаль ХС-759 1К (ГОСТ 23494-79) в Краснодаре,260
Эмаль КО-813 серебристо-серая до +500°С (ГОСТ 11066-74) в Краснодаре,300
Эмаль ХВ-124 (ГОСТ 10144-89) в Краснодаре,200
Эмаль ЭП-1236 1К (ГОСТ 23143-83) в Краснодаре,235
Эмаль ХС-436 (ТУ 20.30.22-002-83706890-2008) в Краснодаре,320
Краска МА-22 (ГОСТ 10503-71) в Краснодаре,145
Эмаль ЭП-51 (ГОСТ 9640-85) в Краснодаре,320
Эмаль КО-8101 серебристо-серая до +600°С (ТУ 6-10-959-75) в Краснодаре,370
Эмаль КО-811 до +200°C (+400°С) (ГОСТ 23122-78) в Краснодаре,225
Краска-эмаль АК-511 (для дорожной разметки) (ГОСТ Р 52575-2006) в Краснодаре,170
Эмаль ПФ-133 (ГОСТ 926-82) в Краснодаре,175
Краска МА-15 сурик (ГОСТ 10503-71) в Краснодаре,145
Эмаль ПФ-115 цветная ЭКОНОМ (ГОСТ 6465-76) в Краснодаре,115
Эмаль ЭП-275 (ГОСТ 23599-79) в Краснодаре,285
Эмаль КО-870 серебристо-серая до +600°С в Краснодаре,370
Эмаль КО-88 серебристо-серая до +500°С (ГОСТ 23101-78) в Краснодаре,290
Эмаль ЭП-5116 1К (ГОСТ 25366-82) в Краснодаре,210
Эмаль НЦ-132 (ГОСТ Р 51691-2008) в Краснодаре,215
Эмаль ХВ-518 У-1 защитная (ТУ 6-10-966-75) в Краснодаре,230
Эмаль ЭП-1155 (ТУ 6-10-1504-75) в Краснодаре,285
Эмаль МС-17 (ТУ 6-10-1012-97) в Краснодаре,300
Эмаль ПФ-266 (ГОСТ Р 51691-2008) в Краснодаре,150
Эмаль ХВ-785 (ГОСТ 7313-75) в Краснодаре,200
Эмаль ЭП-969 салатная (ТУ 6-10-1985-84) в Краснодаре,345
Эмаль НЦ-25 (ГОСТ 5406-84) в Краснодаре,210
Эмаль КО-814 серебристо-серая до +400°С (ГОСТ 11066-74) в Краснодаре,300
Эмаль НЦ-11 (ГОСТ 9198-83) в Краснодаре,230
Эмаль ЭП-525 1К (ГОСТ 22438-85) в Краснодаре,235
Эмаль ЭП-5285 (ТУ 95-2184-90) в Краснодаре,315
Эмаль КО-8111 серебристо-серая до +600°С (ТУ 20.30.22-002-83706890-2008) в Краснодаре,370
Эмаль ЭП-1294 (ТУ 6-21-69-92) в Краснодаре,285
Эмаль АУ-1518Р (ТУ 20.30.22-002-83706890-2008) в Краснодаре,280
Эмаль ХВ-16 (ТУ 6-10-1301-83) в Краснодаре,200
Эмаль ХВ-113 (ГОСТ 18374-79) в Краснодаре,215
Эмаль ВЛ-515 (ТУ 6-10-1052-75) в Краснодаре,265
Эмаль МЛ-165 без молоткового эффекта (ГОСТ 12034-77) в Краснодаре,305
Эмаль ГФ-1426 защитная (ГОСТ 6745-79) в Краснодаре,200
Эмаль ХВ-1100 (ГОСТ 6993-79) в Краснодаре,210
Эмаль КО-983 красно-коричневая (ТУ 16-89479.0275.001) в Краснодаре,290
Эмаль Полиуретановая (ТУ 20.30.22-002-83706890-2008) в Краснодаре,470
Эмаль ХВ-110 (ГОСТ 18374-79) в Краснодаре,215
Эмаль АС-182 (ГОСТ 19024-79) в Краснодаре,220
Эмаль ХВ-1120 (ТУ 6-10-1227-77) в Краснодаре,210
Эмаль ХС-717 с алюминиевой пудрой (ТУ 6-27-102-99) в Краснодаре,320
Эмаль ХС-710 (ГОСТ 9355-81) в Краснодаре,235
Эмаль ЭП-5287 (ТУ 6-21-87-97) в Краснодаре,310
Эмаль СП-1266С красно-коричневая (ТУ 301-10-031-90) в Краснодаре,220
Эмаль КО-1243 (ТУ 420-422-86) в Краснодаре,180
Эмаль КО-1112 (ТУ 20.30.22-002-83706890-2008) в Краснодаре,180
Эмаль КО-1012 (ТУ 20.30.22-002-83706890-2008) в Краснодаре,180
Эмаль ХВ-714 (ГОСТ 23626-79) в Краснодаре,220
Эмаль ХВ-1110 (ГОСТ 6993-79) в Краснодаре,210
Эмаль ЭП-255 1К (ГОСТ 23599-79) в Краснодаре,235
Эмаль МЛ-1110 (ГОСТ 20481-80) в Краснодаре,240
Эмаль АУ-167 (ТУ 20.30.22-002-83706890-2008) в Краснодаре,195
Эмаль КО-868 серебристо-серая до +600°С (ТУ 20.30.22-002-83706890-2008) в Краснодаре,370
Эмаль КО-174 (ТУ 6-02-576-87) в Краснодаре,180
Эмаль КО-8104 серебристо-серая до +600°С (ТУ 20.30.22-002-83706890-2008) в Краснодаре,370
Эмаль ЭП-1143 (ТУ 6-10-11-ВИАМ-95-88) в Краснодаре,300
Эмаль ПФ-188 (ГОСТ 24784-81) в Краснодаре,190
Эмаль МЛ-1100 (ТУ 20.30.22-002-83706890-2008) в Краснодаре,240
Эмаль ЭП-140 1К (ГОСТ 24709-81) в Краснодаре,210
Краска МА-25 (ГОСТ 10503-71) в Краснодаре,145
